,Accuracy,Precision,Recall,F1-score,AUC-ROC,AUC-PR
SR,0.7459016393442623,0.42857142857142855,0.04918032786885246,0.08823529411764706,0.5136612021857924,0.48191698340419153
US,0.7868852459016393,0.5436893203883495,0.9180327868852459,0.6829268292682927,0.8777210427304487,0.6276832179256916
OD,0.7336065573770492,0.48214285714285715,0.8852459016393442,0.6242774566473989,0.7841530054644809,0.598374812304207
SMOTE,0.75,0.5,0.8852459016393442,0.6390532544378698,0.795709038788856,0.5864915455728874
CR,0.7581967213114754,0.5096153846153846,0.8688524590163934,0.6424242424242425,0.7950819672131147,0.5831583472698799
