,Accuracy,Precision,Recall,F1-score,AUC-ROC,AUC-PR
SR,0.7459016393442623,0.42857142857142855,0.04918032786885246,0.08823529411764706,0.5136612021857924,0.4816504749717885
US,0.7663934426229508,0.5188679245283019,0.9016393442622951,0.6586826347305389,0.8697482755531667,0.6107127388398561
OD,0.7827868852459017,0.5454545454545454,0.7868852459016393,0.6442953020134228,0.7840634238108035,0.5835153884180135
SMOTE,0.7745901639344263,0.5306122448979592,0.8524590163934426,0.6540880503144654,0.8665681268476215,0.6072591810547038
CR,0.7827868852459017,0.5392156862745098,0.9016393442622951,0.6748466257668712,0.8224043715846994,0.6013032049252053
