,Accuracy,Precision,Recall,F1-score,AUC-ROC,AUC-PR
SR,0.7459016393442623,0.42857142857142855,0.04918032786885246,0.08823529411764706,0.5136612021857924,0.48191698340419153
US,0.7254098360655737,0.47368421052631576,0.8852459016393442,0.6171428571428571,0.7860342201917049,0.5867832222080717
OD,0.7704918032786885,0.5242718446601942,0.8852459016393442,0.6585365853658537,0.8731971692197438,0.6126136114677697
SMOTE,0.7622950819672131,0.5137614678899083,0.9180327868852459,0.6588235294117647,0.879154349189286,0.6141182127276665
CR,0.7377049180327869,0.4854368932038835,0.819672131147541,0.6097560975609756,0.7650273224043717,0.5706646930292576
