,Accuracy,Precision,Recall,F1-score,AUC-ROC,AUC-PR
SR,0.680327868852459,0.09523809523809523,0.03278688524590164,0.04878048780487805,0.4644808743169399,0.21453436309744633
US,0.75,0.0,0.0,0.0,0.5,0.23599598610391762
OD,0.75,0.0,0.0,0.0,0.48087431693989074,0.2427097956916676
SMOTE,0.7459016393442623,0.0,0.0,0.0,0.49637194302606824,0.2532609835064906
CR,0.75,0.0,0.0,0.0,0.5,0.24213844209543034
