,Accuracy,Precision,Recall,F1-score,AUC-ROC,AUC-PR
SR,0.7459016393442623,0.42857142857142855,0.04918032786885246,0.08823529411764706,0.5136612021857924,0.48191698340419153
US,0.7418032786885246,0.49122807017543857,0.9180327868852459,0.64,0.8401415390128103,0.6115735706473716
OD,0.7540983606557377,0.5045871559633027,0.9016393442622951,0.6470588235294117,0.8017110095852369,0.586975536805416
SMOTE,0.7663934426229508,0.5204081632653061,0.8360655737704918,0.6415094339622642,0.7880498073994446,0.5896007178409346
CR,0.7786885245901639,0.5339805825242718,0.9016393442622951,0.6707317073170731,0.8196721311475409,0.586199545175735
