,Accuracy,Precision,Recall,F1-score,AUC-ROC,AUC-PR
SR,0.75,0.5,0.01639344262295082,0.031746031746031744,0.5108393800949566,0.5223363449622944
US,0.6885245901639344,0.42105263157894735,0.6557377049180327,0.5128205128205128,0.6832392725969721,0.4911550848835634
OD,0.7131147540983607,0.44,0.5409836065573771,0.4852941176470588,0.6557377049180327,0.4813525849222276
SMOTE,0.6721311475409836,0.4020618556701031,0.639344262295082,0.49367088607594944,0.6612021857923497,0.4869752187469037
CR,0.7213114754098361,0.4567901234567901,0.6065573770491803,0.5211267605633803,0.6841350891337454,0.5215261717573654
