,Accuracy,Precision,Recall,F1-score,AUC-ROC,AUC-PR
SR,0.75,0.0,0.0,0.0,0.5052853175669623,0.5851456654276381
US,0.8565573770491803,0.6666666666666666,0.8524590163934426,0.7482014388489209,0.8500851025709935,0.6221721363568229
OD,0.8442622950819673,0.6949152542372882,0.6721311475409836,0.6833333333333333,0.7849592403475769,0.6305276695421838
SMOTE,0.8483606557377049,0.6621621621621622,0.8032786885245902,0.725925925925926,0.8305563020693361,0.631765957541371
CR,0.8360655737704918,0.6909090909090909,0.6229508196721312,0.6551724137931035,0.7627429902355997,0.6309649008996803
