,Accuracy,Precision,Recall,F1-score,AUC-ROC,AUC-PR
SR,0.7459016393442623,0.42857142857142855,0.04918032786885246,0.08823529411764706,0.5136612021857924,0.48191698340419153
US,0.7868852459016393,0.5436893203883495,0.9180327868852459,0.6829268292682927,0.8819313804532832,0.6258893190640582
OD,0.7540983606557377,0.504424778761062,0.9344262295081968,0.6551724137931034,0.8859177640419242,0.6262489591699717
SMOTE,0.7704918032786885,0.5263157894736842,0.819672131147541,0.6410256410256411,0.7868852459016393,0.5822595625025041
CR,0.7581967213114754,0.5104166666666666,0.8032786885245902,0.6242038216560509,0.7732240437158469,0.5820542162773082
