,Accuracy,Precision,Recall,F1-score,AUC-ROC,AUC-PR
SR,0.7352941176470589,0.3333333333333333,0.058823529411764705,0.1,0.5098039215686275,0.5853131683995432
US,0.7941176470588235,0.55,0.9705882352941176,0.7021276595744681,0.9199826989619376,0.649254244337623
OD,0.7794117647058824,0.5333333333333333,0.9411764705882353,0.6808510638297872,0.9003748558246828,0.6417936571514291
SMOTE,0.7867647058823529,0.5454545454545454,0.8823529411764706,0.6741573033707865,0.8186274509803921,0.6373383306014568
CR,0.8455882352941176,0.6326530612244898,0.9117647058823529,0.746987951807229,0.8676470588235293,0.6770532882102382
