,Accuracy,Precision,Recall,F1-score,AUC-ROC,AUC-PR
Metrics,0.9387905604719764,"[0.9316628701594533, 0.9976635514018691, 0.8936605316973415]","[1.0, 0.8388998035363457, 0.997716894977169]",[0.96462264 0.91141942 0.94282632],-0.9849699273686555,-0.09108459873848636
