,Accuracy,Precision,Recall,F1-score,AUC-ROC,AUC-PR
SR,0.7352941176470589,0.3333333333333333,0.058823529411764705,0.1,0.5098039215686275,0.5853131683995432
US,0.7941176470588235,0.5517241379310345,0.9411764705882353,0.6956521739130435,0.9163783160322954,0.6424095257601298
OD,0.8455882352941176,0.6382978723404256,0.8823529411764706,0.7407407407407407,0.8578431372549019,0.6594758763334387
SMOTE,0.8602941176470589,0.6595744680851063,0.9117647058823529,0.7654320987654322,0.8617358708189158,0.6678362605306493
CR,0.8676470588235294,0.6739130434782609,0.9117647058823529,0.775,0.8823529411764706,0.677811088658055
