,Accuracy,Precision,Recall,F1-score,AUC-ROC,AUC-PR
SR,0.7459016393442623,0.42857142857142855,0.04918032786885246,0.08823529411764706,0.5136612021857924,0.48191698340419153
US,0.7213114754098361,0.4700854700854701,0.9016393442622951,0.6179775280898876,0.8729732150855505,0.6057582341525867
OD,0.7786885245901639,0.5376344086021505,0.819672131147541,0.6493506493506493,0.819672131147541,0.5902351150206768
SMOTE,0.8073770491803278,0.5777777777777777,0.8524590163934426,0.6887417218543046,0.8787960225745767,0.6179782646473267
CR,0.7336065573770492,0.4807692307692308,0.819672131147541,0.6060606060606061,0.7622950819672132,0.577899891206634
