,Accuracy,Precision,Recall,F1-score,AUC-ROC,AUC-PR
SR,0.680327868852459,0.09523809523809523,0.03278688524590164,0.04878048780487805,0.4644808743169399,0.21453436309744633
US,0.7459016393442623,0.0,0.0,0.0,0.4592851384036549,0.24216716525444454
OD,0.75,0.0,0.0,0.0,0.4810534802472453,0.25389741400857757
SMOTE,0.5655737704918032,0.23529411764705882,0.32786885245901637,0.273972602739726,0.47675356087073373,0.2575785622340055
CR,0.75,0.0,0.0,0.0,0.5,0.24386210619958765
