,Accuracy,Precision,Recall,F1-score,AUC-ROC,AUC-PR
Metrics,0.8303834808259587,"[0.8382352941176471, 1.0, 0.7411167512690355]","[0.9755501222493888, 0.5677799607072691, 1.0]",[0.90169492 0.72431078 0.85131195],-0.5,-0.16666666666666666
