,Accuracy,Precision,Recall,F1-score,AUC-ROC,AUC-PR
SR,0.7459016393442623,0.42857142857142855,0.04918032786885246,0.08823529411764706,0.5136612021857924,0.4816504749717885
US,0.7377049180327869,0.48717948717948717,0.9344262295081968,0.6404494382022472,0.8857386007345696,0.6213925596481207
OD,0.7950819672131147,0.5591397849462365,0.8524590163934426,0.6753246753246752,0.8142076502732241,0.6026813831542175
SMOTE,0.7786885245901639,0.5353535353535354,0.8688524590163934,0.6625,0.8052046940786526,0.6063927234132934
CR,0.7991803278688525,0.5638297872340425,0.8688524590163934,0.6838709677419356,0.8224043715846994,0.5891363727705298
