,Accuracy,Precision,Recall,F1-score,AUC-ROC,AUC-PR
SR,0.7418032786885246,0.25,0.01639344262295082,0.030769230769230767,0.5,0.30046381023115243
US,0.5655737704918032,0.27722772277227725,0.45901639344262296,0.34567901234567905,0.5359670339514467,0.3753019599322133
OD,0.5942622950819673,0.27906976744186046,0.39344262295081966,0.32653061224489793,0.5273224043715847,0.35147121210216936
SMOTE,0.5409836065573771,0.2616822429906542,0.45901639344262296,0.3333333333333333,0.5151392994714683,0.3961410664227515
CR,0.6065573770491803,0.26666666666666666,0.32786885245901637,0.2941176470588235,0.5136612021857923,0.36289536685223356
